{
  "state": {
    "name": "Madhya Pradesh",
    "code": "MP",
    "sambhags": [
      {
        "name": "Chambal",
        "districts": {
          "Morena": ["Morena", "Ambah", "Porsa", "Kailaras", "Joura", "Sumawali", "Banmore"],
          "Bhind": ["Bhind", "Ater", "Lahar", "Mehgaon", "Gohad", "Raun", "Endori"],
          "Gwalior": ["Gwalior", "Dabra", "Bhitarwar", "Morar"],
          "Sheopur": ["Sheopur", "Vijaypur", "Karahal", "Badoda"],
          "Shivpuri": ["Shivpuri", "Kolaras", "Narwar", "Pohri", "Pichhore", "Karera", "Khaniyadhana", "Badarwas"],
          "Guna": ["Guna", "Chachoda", "Raghogarh", "Aron", "Kumbhraj", "Bamori"],
          "Ashoknagar": ["Ashoknagar", "Chanderi", "Mungaoli", "Isagarh"],
          "Datia": ["Datia", "Seondha", "Bhander", "Indergarh"]
        }
      },
      {
        "name": "Gwalior",
        "districts": {
          "Gwalior": ["Gwalior", "Dabra", "Bhitarwar", "Morar"],
          "Shivpuri": ["Shivpuri", "Kolaras", "Narwar", "Pohri", "Pichhore", "Karera", "Khaniyadhana", "Badarwas"],
          "Guna": ["Guna", "Chachoda", "Raghogarh", "Aron", "Kumbhraj", "Bamori"]
        }
      },
      {
        "name": "Indore",
        "districts": {
          "Indore": ["Indore", "Depalpur", "Sanwer", "Mhow"],
          "Dhar": ["Dhar", "Badnawar", "Kukshi", "Manawar", "Sardarpur", "Dharampuri", "Gandhwani", "Tirla"],
          "Jhabua": ["Jhabua", "Petlawad", "Thandla", "Meghnagar", "Jobat", "Alirajpur"],
          "Alirajpur": ["Alirajpur", "Jobat", "Sondwa"],
          "Barwani": ["Barwani", "Pansemal", "Niwali", "Sendhwa", "Pati", "Warla", "Anjad", "Thikri", "Rajpur"],
          "Khargone": ["Khargone", "Kasrawad", "Bhagwanpura", "Maheshwar", "Barwaha", "Segaon", "Gogaon", "Jhirnya", "Bhikangaon"],
          "Burhanpur": ["Burhanpur", "Shahpur", "Burhanpur Nagar Panchayat"],
          "Khandwa": ["Khandwa", "Harsud", "Pandhana", "Khalwa", "Punasa"]
        }
      },
      {
        "name": "Jabalpur",
        "districts": {
          "Jabalpur": ["Jabalpur", "Sihora", "Patan", "Majholi", "Panagar", "Kundam", "Shahpura"],
          "Seoni": ["Seoni", "Lakhnadon", "Keolari", "Barghat", "Ghansour", "Chhapara", "Kurai"],
          "Mandla": ["Mandla", "Nainpur", "Niwas", "Bichhiya"],
          "Chhindwara": ["Chhindwara", "Parasia", "Sausar", "Amarwara", "Chaurai", "Tamia", "Pandhurna", "Mohgaon", "Junnardev", "Harrai", "Damua"],
          "Narsinghpur": ["Narsinghpur", "Gadarwara", "Kareli", "Gotegaon", "Tendukheda", "Gotegaon"],
          "Katni": ["Katni", "Murwara", "Bahoriband", "Badwara", "Vijayraghavgarh", "Rithi", "Dhemerkheda"],
          "Balaghat": ["Balaghat", "Baihar", "Birsa", "Katangi", "Khairlanji", "Kirnapur", "Lanji", "Paraswada", "Tirodi", "Waraseoni"]
        }
      },
      {
        "name": "Rewa",
        "districts": {
          "Rewa": ["Rewa", "Sirmour", "Mauganj", "Teonthar", "Hanumana", "Mangawan", "Raipur Karchulian", "Jawa"],
          "Satna": ["Satna", "Maihar", "Nagod", "Raghuraj Nagar", "Amarpatan", "Rampur Baghelan", "Uchehara"],
          "Singrauli": ["Singrauli", "Deosar", "Chitrangi", "Baidhan", "Sarai", "Waidhan"],
          "Sidhi": ["Sidhi", "Gopadbanas", "Churhat", "Rampur Naikin", "Majhauli", "Kusmi", "Dhauhani", "Sihawal"],
          "Shahdol": ["Shahdol", "Beohari", "Jaisinghnagar", "Sohagpur", "Burhar", "Jaitpur", "Gohparu"],
          "Anuppur": ["Anuppur", "Pushprajgarh", "Jaithari", "Kotma"],
          "Umaria": ["Umaria", "Manpur", "Pali", "Bandhogarh"]
        }
      },
      {
        "name": "Sagar",
        "districts": {
          "Sagar": ["Sagar", "Bina", "Khurai", "Deori", "Rehli", "Rahatgarh", "Shahgarh", "Banda", "Kesli", "Malthone"],
          "Damoh": ["Damoh", "Hatta", "Tendukheda", "Patharia", "Jabera", "Patera", "Batiyagarh"],
          "Panna": ["Panna", "Pawai", "Ajaigarh", "Gunour", "Shahnagar", "Amanganj"],
          "Chhatarpur": ["Chhatarpur", "Nowgong", "Rajnagar", "Bijawar", "Bada Malhera", "Chandla", "Gaurihar", "Lavkushnagar", "Badamalehra"],
          "Tikamgarh": ["Tikamgarh", "Niwari", "Prithvipur", "Palera", "Baldeogarh", "Jatara", "Mohangarh"]
        }
      },
      {
        "name": "Ujjain",
        "districts": {
          "Ujjain": ["Ujjain", "Nagda", "Khachrod", "Tarana", "Mahidpur", "Ghatiya", "Barnagar"],
          "Ratlam": ["Ratlam", "Alot", "Jaora", "Sailana", "Piploda", "Tal"],
          "Mandsaur": ["Mandsaur", "Sitamau", "Garoth", "Bhanpura", "Malhargarh", "Suwasara", "Shamgarh", "Daloda"],
          "Neemuch": ["Neemuch", "Manasa", "Jawad"],
          "Agar Malwa": ["Agar", "Badod", "Susner", "Nalkheda"],
          "Shajapur": ["Shajapur", "Susner", "Shujalpur", "Agar", "Kalapipal", "Moman Badodia"],
          "Dewas": ["Dewas", "Bagli", "Khategaon", "Sonkatch", "Kannod", "Tonk Khurd"]
        }
      },
      {
        "name": "Bhopal",
        "districts": {
          "Bhopal": ["Huzur", "Berasia"],
          "Sehore": ["Sehore", "Ashta", "Ichhawar", "Nasrullaganj", "Budni", "Rehti", "Jawar"],
          "Raisen": ["Raisen", "Bareli", "Begamganj", "Gairatganj", "Obedullaganj", "Sanchi", "Silwani", "Udaipura"],
          "Rajgarh": ["Rajgarh", "Biaora", "Khilchipur", "Narsinghgarh", "Sarangpur", "Jirapur", "Pachore", "Machalpur"],
          "Vidisha": ["Vidisha", "Basoda", "Gyaraspur", "Kurwai", "Lateri", "Nateran", "Sironj", "Sirsi"],
          "Betul": ["Betul", "Bhainsdehi", "Multai", "Ghoradongri", "Prabhat Pattan", "Chicholi", "Athner", "Bhimpur", "Amla"],
          "Harda": ["Harda", "Timarni", "Khirkiya"],
          "Hoshangabad": ["Hoshangabad", "Itarsi", "Sohagpur", "Pipariya", "Bankhedi", "Babai", "Seoni Malwa"]
        }
      },
      {
        "name": "Narmadapuram",
        "districts": {
          "Hoshangabad": ["Hoshangabad", "Itarsi", "Sohagpur", "Pipariya", "Bankhedi", "Babai", "Seoni Malwa"],
          "Betul": ["Betul", "Bhainsdehi", "Multai", "Ghoradongri", "Prabhat Pattan", "Chicholi", "Athner", "Bhimpur", "Amla"],
          "Harda": ["Harda", "Timarni", "Khirkiya"]
        }
      },
      {
        "name": "Shahdol",
        "districts": {
          "Shahdol": ["Shahdol", "Beohari", "Jaisinghnagar", "Sohagpur", "Burhar", "Jaitpur", "Gohparu"],
          "Anuppur": ["Anuppur", "Pushprajgarh", "Jaithari", "Kotma"],
          "Umaria": ["Umaria", "Manpur", "Pali", "Bandhogarh"],
          "Dindori": ["Dindori", "Shahpura", "Karanjia", "Bajag", "Samnapur"]
        }
      }
    ]
  }
}

